<?xml version="1.0" encoding="UTF-8" standalone="no"?>
<!DOCTYPE note [
    <!ENTITY blockrange "0,1,2,3,4,5,6,7,8,9,10,11,12,13,14,15,16,17,18,19,20,21,22,23,24">
]>
<beast version='2.0'
       namespace='beast.evolution.tree.coalescent
                 :beast.evolution.alignment
                 :beast.evolution.operators
                 :beast.evolution.sitemodel
                 :beast.evolution.substitutionmodel
                 :beast.evolution.likelihood
                 :beast.core
                 :beast.core.parameter
                 :contactrees
                 :contactrees.model
                 :contactrees.util
                 :contactrees.operators'>

<taxonset id="taxa" spec="TaxonSet">
    <taxon id="A" spec="Taxon"/>
    <taxon id="B" spec="Taxon"/>
    <taxon id="C" spec="Taxon"/>
    <taxon id="D" spec="Taxon"/>
    <taxon id="E" spec="Taxon"/>
    <taxon id="F" spec="Taxon"/>
    <taxon id="G" spec="Taxon"/>
    <taxon id="H" spec="Taxon"/>
    <taxon id="I" spec="Taxon"/>
    <taxon id="J" spec="Taxon"/>
    <taxon id="K" spec="Taxon"/>
    <taxon id="L" spec="Taxon"/>
    <taxon id="M" spec="Taxon"/>
    <taxon id="N" spec="Taxon"/>
    <taxon id="O" spec="Taxon"/>
    <taxon id="P" spec="Taxon"/>
    <taxon id="Q" spec="Taxon"/>
    <taxon id="R" spec="Taxon"/>
    <taxon id="S" spec="Taxon"/>
    <taxon id="T" spec="Taxon"/>
    <!-- <taxon id="U" spec="Taxon"/>
    <taxon id="V" spec="Taxon"/>
    <taxon id="W" spec="Taxon"/>
    <taxon id="X" spec="Taxon"/>
    <taxon id="Y" spec="Taxon"/> -->
</taxonset>

<!-- DATA -->
<data id="data.block0" dataType="binary">
    <sequence id="seq_A.block0" taxon="A" totalcount="2" value="00100100011010100001010100100010000011101110110001"/>
    <sequence id="seq_B.block0" taxon="B" totalcount="2" value="00110010111011000000011100011010001000000100000000"/>
    <sequence id="seq_C.block0" taxon="C" totalcount="2" value="00010001100000001111000000111000100000100100111000"/>
    <sequence id="seq_D.block0" taxon="D" totalcount="2" value="00010000100010000001000100000000000110010101111000"/>
    <sequence id="seq_E.block0" taxon="E" totalcount="2" value="11010000100010000010010100000001010110010101111000"/>
    <sequence id="seq_F.block0" taxon="F" totalcount="2" value="01000011100001000000101110000001011000101100000000"/>
    <sequence id="seq_G.block0" taxon="G" totalcount="2" value="00000001100001000000100110000001110101001101000100"/>
    <sequence id="seq_H.block0" taxon="H" totalcount="2" value="00000001100010100000100100010000011000001000000100"/>
    <sequence id="seq_I.block0" taxon="I" totalcount="2" value="00000001000000100000100101011000000000001000000100"/>
    <sequence id="seq_J.block0" taxon="J" totalcount="2" value="00000001100000100001100101011000010000001100010110"/>
    <sequence id="seq_K.block0" taxon="K" totalcount="2" value="00000001100000000001100100011010010000001100010110"/>
    <sequence id="seq_L.block0" taxon="L" totalcount="2" value="00101001001001111000100100010010010000001000000100"/>
    <sequence id="seq_M.block0" taxon="M" totalcount="2" value="00000001000000100000101100010100010000000000001101"/>
    <sequence id="seq_N.block0" taxon="N" totalcount="2" value="00000001000000100000100100010100010000001000001100"/>
    <sequence id="seq_O.block0" taxon="O" totalcount="2" value="00011001000001100000100100110110010000001000001100"/>
    <sequence id="seq_P.block0" taxon="P" totalcount="2" value="00011001000001100000100100010110010000001000001100"/>
    <sequence id="seq_Q.block0" taxon="Q" totalcount="2" value="00001101000001000100100100110100010000001000001100"/>
    <sequence id="seq_R.block0" taxon="R" totalcount="2" value="00001001110100100000100100010001010010101000001101"/>
    <sequence id="seq_S.block0" taxon="S" totalcount="2" value="00001001101000101100100100010000010010101000101100"/>
    <sequence id="seq_T.block0" taxon="T" totalcount="2" value="00001001101000101100100100010000010010101000101100"/>
</data>
<data id="data.block1" dataType="binary">
    <sequence id="seq_A.block1" taxon="A" totalcount="2" value="00010101000000100100100000001000000000100000001000"/>
    <sequence id="seq_B.block1" taxon="B" totalcount="2" value="00000001100000001000000000000101011001010010100100"/>
    <sequence id="seq_C.block1" taxon="C" totalcount="2" value="00010110100000000001101000011001011000100000101101"/>
    <sequence id="seq_D.block1" taxon="D" totalcount="2" value="00010000001000100001001100010011000001100100010101"/>
    <sequence id="seq_E.block1" taxon="E" totalcount="2" value="00010000000000100001001110011111000010100000000101"/>
    <sequence id="seq_F.block1" taxon="F" totalcount="2" value="00000000000000000001100000000000110010000000000000"/>
    <sequence id="seq_G.block1" taxon="G" totalcount="2" value="00000000101000100101100000010001000000000000100000"/>
    <sequence id="seq_H.block1" taxon="H" totalcount="2" value="00000000000000100001100000001101000000000000000100"/>
    <sequence id="seq_I.block1" taxon="I" totalcount="2" value="00010001000000101000111010001000000000001000000100"/>
    <sequence id="seq_J.block1" taxon="J" totalcount="2" value="00000001000000101100111010001000000000000000000100"/>
    <sequence id="seq_K.block1" taxon="K" totalcount="2" value="00000001000000101100111010001000000000000000000100"/>
    <sequence id="seq_L.block1" taxon="L" totalcount="2" value="00001100000000100000100000001010001000000000000000"/>
    <sequence id="seq_M.block1" taxon="M" totalcount="2" value="10000000000000110000100010001000000000000000100000"/>
    <sequence id="seq_N.block1" taxon="N" totalcount="2" value="10000000000000100000100010000000000000001000100000"/>
    <sequence id="seq_O.block1" taxon="O" totalcount="2" value="10000000000001100000100000001010000000000000100000"/>
    <sequence id="seq_P.block1" taxon="P" totalcount="2" value="10000000000001100000100010001010000000000000100100"/>
    <sequence id="seq_Q.block1" taxon="Q" totalcount="2" value="10000000010000100000100010001000000000000000100010"/>
    <sequence id="seq_R.block1" taxon="R" totalcount="2" value="00000000000100010011100000101000000100000100000000"/>
    <sequence id="seq_S.block1" taxon="S" totalcount="2" value="00000000000000100001100000001000010000000100001000"/>
    <sequence id="seq_T.block1" taxon="T" totalcount="2" value="00000000000000100001100000001000010000000100001000"/>
</data>
<data id="data.block2" dataType="binary">
    <sequence id="seq_A.block2" taxon="A" totalcount="2" value="00000011001011001001001010000101001000111010000010"/>
    <sequence id="seq_B.block2" taxon="B" totalcount="2" value="00100010000011001000010101100000000011101001100000"/>
    <sequence id="seq_C.block2" taxon="C" totalcount="2" value="10000001000110100000000100010000100000001111000000"/>
    <sequence id="seq_D.block2" taxon="D" totalcount="2" value="01000000000010000001000010000000100000001110000110"/>
    <sequence id="seq_E.block2" taxon="E" totalcount="2" value="01100001010010000001000010000100000100001100000000"/>
    <sequence id="seq_F.block2" taxon="F" totalcount="2" value="10000010100000011001100000000111001100111000000010"/>
    <sequence id="seq_G.block2" taxon="G" totalcount="2" value="00000010000011010010000010000001011100011010000010"/>
    <sequence id="seq_H.block2" taxon="H" totalcount="2" value="01001011001010011001001010000101111000001010001000"/>
    <sequence id="seq_I.block2" taxon="I" totalcount="2" value="01110010000010110001001010110101001000111010001100"/>
    <sequence id="seq_J.block2" taxon="J" totalcount="2" value="01110010000010010001001010100101001000011010011000"/>
    <sequence id="seq_K.block2" taxon="K" totalcount="2" value="11110010001010010001000010100101001000011011001000"/>
    <sequence id="seq_L.block2" taxon="L" totalcount="2" value="10100010010010011001000010000001001000011010001000"/>
    <sequence id="seq_M.block2" taxon="M" totalcount="2" value="00000010010000011001000010000101001000011010001101"/>
    <sequence id="seq_N.block2" taxon="N" totalcount="2" value="00000010000100011001000010000001101010011010001000"/>
    <sequence id="seq_O.block2" taxon="O" totalcount="2" value="00000010000101011001000010100111001000011010001000"/>
    <sequence id="seq_P.block2" taxon="P" totalcount="2" value="00000010000101011001000010100111001000011010001000"/>
    <sequence id="seq_Q.block2" taxon="Q" totalcount="2" value="00101010000100011001000010000100001000011011001010"/>
    <sequence id="seq_R.block2" taxon="R" totalcount="2" value="00100010000000011000010010100101011000011010011010"/>
    <sequence id="seq_S.block2" taxon="S" totalcount="2" value="00000010000001011001010010100101001000011010001010"/>
    <sequence id="seq_T.block2" taxon="T" totalcount="2" value="00000010000001011001010010100101001000011010001010"/>
</data>
<data id="data.block3" dataType="binary">
    <sequence id="seq_A.block3" taxon="A" totalcount="2" value="00001000110000110000100010011000000000000000100000"/>
    <sequence id="seq_B.block3" taxon="B" totalcount="2" value="01000000010000110001000000100001001000000000110001"/>
    <sequence id="seq_C.block3" taxon="C" totalcount="2" value="01000000000001000001011101000000010101001100100010"/>
    <sequence id="seq_D.block3" taxon="D" totalcount="2" value="00011010000001100001100000000000000000100001000100"/>
    <sequence id="seq_E.block3" taxon="E" totalcount="2" value="00101000100001000000100000000010100100000001000010"/>
    <sequence id="seq_F.block3" taxon="F" totalcount="2" value="01010100100001000001000100001001000000101010000000"/>
    <sequence id="seq_G.block3" taxon="G" totalcount="2" value="00001000100101000000001100000000011110001100001101"/>
    <sequence id="seq_H.block3" taxon="H" totalcount="2" value="00001010100101000000000000001100000000001000010000"/>
    <sequence id="seq_I.block3" taxon="I" totalcount="2" value="00100000101100000000001101000000000000001000110100"/>
    <sequence id="seq_J.block3" taxon="J" totalcount="2" value="00000010100100100000000100000000000001001000010100"/>
    <sequence id="seq_K.block3" taxon="K" totalcount="2" value="00000010100100100000000000000000000000001000010100"/>
    <sequence id="seq_L.block3" taxon="L" totalcount="2" value="00000110100100101000000101000000010000001000010000"/>
    <sequence id="seq_M.block3" taxon="M" totalcount="2" value="00000110010100000000000100000000001000001000010000"/>
    <sequence id="seq_N.block3" taxon="N" totalcount="2" value="00000110000100000000000101000000001000001001010000"/>
    <sequence id="seq_O.block3" taxon="O" totalcount="2" value="00000110000101000000100100000000001000001100000000"/>
    <sequence id="seq_P.block3" taxon="P" totalcount="2" value="00000110000100100000100100000000001000001100000000"/>
    <sequence id="seq_Q.block3" taxon="Q" totalcount="2" value="00000110000100000000000110000000101001001000000000"/>
    <sequence id="seq_R.block3" taxon="R" totalcount="2" value="00001010000101000000000100000010001000101000010000"/>
    <sequence id="seq_S.block3" taxon="S" totalcount="2" value="00000000000010000000000100000010101000001000010000"/>
    <sequence id="seq_T.block3" taxon="T" totalcount="2" value="00000000000000000000000100000010101000001000010000"/>
</data>
<data id="data.block4" dataType="binary">
    <sequence id="seq_A.block4" taxon="A" totalcount="2" value="00000001100101001100000001001000000000000000100100"/>
    <sequence id="seq_B.block4" taxon="B" totalcount="2" value="00001000011100000100101000000011101110000011000010"/>
    <sequence id="seq_C.block4" taxon="C" totalcount="2" value="10011000011010000000101000010000101000100010000011"/>
    <sequence id="seq_D.block4" taxon="D" totalcount="2" value="00011100010001111000010000010000100000100011010001"/>
    <sequence id="seq_E.block4" taxon="E" totalcount="2" value="00011100010000001000110000010000010000000011010001"/>
    <sequence id="seq_F.block4" taxon="F" totalcount="2" value="00100001000100001010000001001100100100000001000100"/>
    <sequence id="seq_G.block4" taxon="G" totalcount="2" value="01000101000110101100000001001000010100011000100000"/>
    <sequence id="seq_H.block4" taxon="H" totalcount="2" value="00001001000000001000000001111010000100000100000100"/>
    <sequence id="seq_I.block4" taxon="I" totalcount="2" value="00000101000000001100000001001001100100000000100100"/>
    <sequence id="seq_J.block4" taxon="J" totalcount="2" value="00000101000001001100000001001001000110000000011100"/>
    <sequence id="seq_K.block4" taxon="K" totalcount="2" value="00000101000001001100000001001001000100000000010100"/>
    <sequence id="seq_L.block4" taxon="L" totalcount="2" value="00000001000001001100000011001000000100000000100100"/>
    <sequence id="seq_M.block4" taxon="M" totalcount="2" value="00001001000001001010000001001000000100000000001110"/>
    <sequence id="seq_N.block4" taxon="N" totalcount="2" value="00000101100001001000000101011000000100001000001110"/>
    <sequence id="seq_O.block4" taxon="O" totalcount="2" value="00000111000101001000000001001000000100000000001110"/>
    <sequence id="seq_P.block4" taxon="P" totalcount="2" value="00000111000101001000000001001000000100000000001110"/>
    <sequence id="seq_Q.block4" taxon="Q" totalcount="2" value="00000101000101001000100001001000000100000000001110"/>
    <sequence id="seq_R.block4" taxon="R" totalcount="2" value="00000001000000001000000010001000100100000000001100"/>
    <sequence id="seq_S.block4" taxon="S" totalcount="2" value="01000001000001000000000001001000010100000000001100"/>
    <sequence id="seq_T.block4" taxon="T" totalcount="2" value="01000001000001000000000001001000010100000000001100"/>
</data>
<data id="data.block5" dataType="binary">
    <sequence id="seq_A.block5" taxon="A" totalcount="2" value="00010001000010100000000000001000000001000111010000"/>
    <sequence id="seq_B.block5" taxon="B" totalcount="2" value="00100101000100100000011001001000000100000000010100"/>
    <sequence id="seq_C.block5" taxon="C" totalcount="2" value="00000000000110000001000010100100000010011001010000"/>
    <sequence id="seq_D.block5" taxon="D" totalcount="2" value="00000000000000000001010010100000000100010000010000"/>
    <sequence id="seq_E.block5" taxon="E" totalcount="2" value="00001010000000010001000010100000001000111000010000"/>
    <sequence id="seq_F.block5" taxon="F" totalcount="2" value="11110001000000000000011000100001010001000011010000"/>
    <sequence id="seq_G.block5" taxon="G" totalcount="2" value="10010001000111000010010000010100010101000011010100"/>
    <sequence id="seq_H.block5" taxon="H" totalcount="2" value="00000001010000001000000001001010000001000011011000"/>
    <sequence id="seq_I.block5" taxon="I" totalcount="2" value="00010000000010000000101000001010000001100011010000"/>
    <sequence id="seq_J.block5" taxon="J" totalcount="2" value="00111010000010001000001000001000000001000011010010"/>
    <sequence id="seq_K.block5" taxon="K" totalcount="2" value="00110010000010000000001000001000000001000011010010"/>
    <sequence id="seq_L.block5" taxon="L" totalcount="2" value="00010001000010000000000000000000000001100011010000"/>
    <sequence id="seq_M.block5" taxon="M" totalcount="2" value="01010001000110000000100000001000101001000010010001"/>
    <sequence id="seq_N.block5" taxon="N" totalcount="2" value="00010001000010000000100000001000101001100010010000"/>
    <sequence id="seq_O.block5" taxon="O" totalcount="2" value="11010001000000000000010000100011000001000011010000"/>
    <sequence id="seq_P.block5" taxon="P" totalcount="2" value="11010001000000000000010000100001000001000011010000"/>
    <sequence id="seq_Q.block5" taxon="Q" totalcount="2" value="01010001000010000000101000000000101001000011010000"/>
    <sequence id="seq_R.block5" taxon="R" totalcount="2" value="00000001100010000010000010101000100001000111010000"/>
    <sequence id="seq_S.block5" taxon="S" totalcount="2" value="10000001100010000000000000001000101001000011011000"/>
    <sequence id="seq_T.block5" taxon="T" totalcount="2" value="10000001100010000000000000001000101001000011011000"/>
</data>
<data id="data.block6" dataType="binary">
    <sequence id="seq_A.block6" taxon="A" totalcount="2" value="11000100011100001100101100000000100010110010101100"/>
    <sequence id="seq_B.block6" taxon="B" totalcount="2" value="10000000000000000000100110000010011000011011001100"/>
    <sequence id="seq_C.block6" taxon="C" totalcount="2" value="00100000000000010000001010000011100101110100010100"/>
    <sequence id="seq_D.block6" taxon="D" totalcount="2" value="01101000000000000000100011000011000001010000010000"/>
    <sequence id="seq_E.block6" taxon="E" totalcount="2" value="01101000100000000000101011000011010000000000010010"/>
    <sequence id="seq_F.block6" taxon="F" totalcount="2" value="01101100000010001001101011100011011001000000000000"/>
    <sequence id="seq_G.block6" taxon="G" totalcount="2" value="00011010111000100000001001010000010000101100001100"/>
    <sequence id="seq_H.block6" taxon="H" totalcount="2" value="11010001001001010100101001010000110001000001000000"/>
    <sequence id="seq_I.block6" taxon="I" totalcount="2" value="01000001001001010100001001010101000100000110000010"/>
    <sequence id="seq_J.block6" taxon="J" totalcount="2" value="10010001001001010101001001010100000100000001010010"/>
    <sequence id="seq_K.block6" taxon="K" totalcount="2" value="10010001001001010101001101010100000100000101010010"/>
    <sequence id="seq_L.block6" taxon="L" totalcount="2" value="10001001000001011100001001010110000000000101000010"/>
    <sequence id="seq_M.block6" taxon="M" totalcount="2" value="11010001001101011100001001000110000000000101100010"/>
    <sequence id="seq_N.block6" taxon="N" totalcount="2" value="10010001001001010100001001010111001100000101000010"/>
    <sequence id="seq_O.block6" taxon="O" totalcount="2" value="01101100000010000001101011100011011000000000000000"/>
    <sequence id="seq_P.block6" taxon="P" totalcount="2" value="01101100000010000001101011100011011000000000000000"/>
    <sequence id="seq_Q.block6" taxon="Q" totalcount="2" value="11010001001101010100001001010100100000000101000010"/>
    <sequence id="seq_R.block6" taxon="R" totalcount="2" value="10010001001001010101101001000100000000000111000011"/>
    <sequence id="seq_S.block6" taxon="S" totalcount="2" value="11010101000001011100100001010100000001000101000011"/>
    <sequence id="seq_T.block6" taxon="T" totalcount="2" value="11010101000001011100100001010100000001000101000011"/>
</data>
<data id="data.block7" dataType="binary">
    <sequence id="seq_A.block7" taxon="A" totalcount="2" value="11001000100010000000001000000001010110100100000000"/>
    <sequence id="seq_B.block7" taxon="B" totalcount="2" value="00011001000101110100010010101000001100000110000000"/>
    <sequence id="seq_C.block7" taxon="C" totalcount="2" value="00001000010000010101000000010001000000011110001001"/>
    <sequence id="seq_D.block7" taxon="D" totalcount="2" value="00010110010100000100001000110000101001000100000011"/>
    <sequence id="seq_E.block7" taxon="E" totalcount="2" value="00011110010010000100001001110000100001100100100011"/>
    <sequence id="seq_F.block7" taxon="F" totalcount="2" value="00000000011011010000000101111000101010010000001100"/>
    <sequence id="seq_G.block7" taxon="G" totalcount="2" value="01001100010111010000000001010010100110011100000010"/>
    <sequence id="seq_H.block7" taxon="H" totalcount="2" value="00001100010000000000000001000101101010011100000000"/>
    <sequence id="seq_I.block7" taxon="I" totalcount="2" value="00000100110001000100000001000100101010001100000000"/>
    <sequence id="seq_J.block7" taxon="J" totalcount="2" value="00001100110001000000000001000101101010001100010011"/>
    <sequence id="seq_K.block7" taxon="K" totalcount="2" value="10000100110001000000000001000101101010001100000011"/>
    <sequence id="seq_L.block7" taxon="L" totalcount="2" value="01100100010011000000000001000101101010001100000000"/>
    <sequence id="seq_M.block7" taxon="M" totalcount="2" value="00000100010011010000000000100100111110000110000001"/>
    <sequence id="seq_N.block7" taxon="N" totalcount="2" value="00000100011011100000001001000100101010010100010000"/>
    <sequence id="seq_O.block7" taxon="O" totalcount="2" value="00001100011011010000001001000110101010000100000000"/>
    <sequence id="seq_P.block7" taxon="P" totalcount="2" value="00001101011011010000001001000110101110000100000000"/>
    <sequence id="seq_Q.block7" taxon="Q" totalcount="2" value="00001100011011000010001001000100101011000000001000"/>
    <sequence id="seq_R.block7" taxon="R" totalcount="2" value="00000111000001100010110011000100001010000101000000"/>
    <sequence id="seq_S.block7" taxon="S" totalcount="2" value="00000101000001100000000001000100111010100001000000"/>
    <sequence id="seq_T.block7" taxon="T" totalcount="2" value="00000101000001100000000001000100111010100001000000"/>
</data>
<data id="data.block8" dataType="binary">
    <sequence id="seq_A.block8" taxon="A" totalcount="2" value="10011010000011100001011100010100000000001000011001"/>
    <sequence id="seq_B.block8" taxon="B" totalcount="2" value="00011000100110000000011010000011001100000110000101"/>
    <sequence id="seq_C.block8" taxon="C" totalcount="2" value="00101100000010001100100011100010001000010110000001"/>
    <sequence id="seq_D.block8" taxon="D" totalcount="2" value="00001100100010001000100001001100100100000000000000"/>
    <sequence id="seq_E.block8" taxon="E" totalcount="2" value="00111100000010000000101001100100000100100000010100"/>
    <sequence id="seq_F.block8" taxon="F" totalcount="2" value="00101000001000010101011101000100000000001000010000"/>
    <sequence id="seq_G.block8" taxon="G" totalcount="2" value="10011010000000010001001100000000000000001000010000"/>
    <sequence id="seq_H.block8" taxon="H" totalcount="2" value="00011010100001000001001100010100000100001000011100"/>
    <sequence id="seq_I.block8" taxon="I" totalcount="2" value="00011010000001000001111100000100010000001000011000"/>
    <sequence id="seq_J.block8" taxon="J" totalcount="2" value="00011010000001000001111100000100010000001000011001"/>
    <sequence id="seq_K.block8" taxon="K" totalcount="2" value="00011010000001000001111100000100000000001000011000"/>
    <sequence id="seq_L.block8" taxon="L" totalcount="2" value="01011010100001000001010100100111000010101000011000"/>
    <sequence id="seq_M.block8" taxon="M" totalcount="2" value="00001010000001000100001100001100000000001001111001"/>
    <sequence id="seq_N.block8" taxon="N" totalcount="2" value="00011010000001000001111100000100000000001000111001"/>
    <sequence id="seq_O.block8" taxon="O" totalcount="2" value="00011000000001000001011000000100000000001000111001"/>
    <sequence id="seq_P.block8" taxon="P" totalcount="2" value="00011000000001000001011000000100000000001000111001"/>
    <sequence id="seq_Q.block8" taxon="Q" totalcount="2" value="00011010000001100001011100000100000000001000111001"/>
    <sequence id="seq_R.block8" taxon="R" totalcount="2" value="00011010000001000001011000000100000000001001011100"/>
    <sequence id="seq_S.block8" taxon="S" totalcount="2" value="01011010000011100001011100000100000000001000011000"/>
    <sequence id="seq_T.block8" taxon="T" totalcount="2" value="01011010000011100001011100000100000000001000011000"/>
</data>
<data id="data.block9" dataType="binary">
    <sequence id="seq_A.block9" taxon="A" totalcount="2" value="00010010100011000111100011010000100001000010000010"/>
    <sequence id="seq_B.block9" taxon="B" totalcount="2" value="10011000110100010001100011110000110001001000111010"/>
    <sequence id="seq_C.block9" taxon="C" totalcount="2" value="01011101001000011010010010000101010000000100100001"/>
    <sequence id="seq_D.block9" taxon="D" totalcount="2" value="00011100101100111000100010000001000000101000100000"/>
    <sequence id="seq_E.block9" taxon="E" totalcount="2" value="01011000001110011000000010000001100000111011100000"/>
    <sequence id="seq_F.block9" taxon="F" totalcount="2" value="00101000000110100000011001000001000010100100000000"/>
    <sequence id="seq_G.block9" taxon="G" totalcount="2" value="01100001000100100000111000000000100000100000000001"/>
    <sequence id="seq_H.block9" taxon="H" totalcount="2" value="00100011000100000000001000100000100010110110010001"/>
    <sequence id="seq_I.block9" taxon="I" totalcount="2" value="11100001010100000100000000100000010000110100010001"/>
    <sequence id="seq_J.block9" taxon="J" totalcount="2" value="01100001000100000000001001101000010000110101000001"/>
    <sequence id="seq_K.block9" taxon="K" totalcount="2" value="01100001000100000000001001100000000000110100000001"/>
    <sequence id="seq_L.block9" taxon="L" totalcount="2" value="01000001100100000000001000100000010100110100100011"/>
    <sequence id="seq_M.block9" taxon="M" totalcount="2" value="01010001100100010000001100100100000001110100000011"/>
    <sequence id="seq_N.block9" taxon="N" totalcount="2" value="01100001100100001100001000100010010000110100000001"/>
    <sequence id="seq_O.block9" taxon="O" totalcount="2" value="01100001100100000000000000100000000001110100000001"/>
    <sequence id="seq_P.block9" taxon="P" totalcount="2" value="01100001100100000000000000100000000001110100000001"/>
    <sequence id="seq_Q.block9" taxon="Q" totalcount="2" value="01000001100100000000001000100000000100110100000001"/>
    <sequence id="seq_R.block9" taxon="R" totalcount="2" value="01100001100100000000001000100000010000000100000001"/>
    <sequence id="seq_S.block9" taxon="S" totalcount="2" value="01100000100100000110001000100000000000011000000001"/>
    <sequence id="seq_T.block9" taxon="T" totalcount="2" value="01100000100100000110001000100000000000011000000001"/>
</data>
<data id="data.block10" dataType="binary">
    <sequence id="seq_A.block10" taxon="A" totalcount="2" value="00000100001010000000010100110011100000000100010010"/>
    <sequence id="seq_B.block10" taxon="B" totalcount="2" value="01010100000010100000000111100000001101000010101010"/>
    <sequence id="seq_C.block10" taxon="C" totalcount="2" value="00111111100010101000000100000001101001001000100000"/>
    <sequence id="seq_D.block10" taxon="D" totalcount="2" value="00010111110010000000100100001000110000001000101101"/>
    <sequence id="seq_E.block10" taxon="E" totalcount="2" value="10010101111011111010000100000000110000000010100100"/>
    <sequence id="seq_F.block10" taxon="F" totalcount="2" value="10000100001011000010010000110101001011001000010110"/>
    <sequence id="seq_G.block10" taxon="G" totalcount="2" value="00000100001010000000010000100001100011001110110110"/>
    <sequence id="seq_H.block10" taxon="H" totalcount="2" value="00000100001010000010010000100011010000000100000010"/>
    <sequence id="seq_I.block10" taxon="I" totalcount="2" value="00100100001000001000010000101101000010000110000000"/>
    <sequence id="seq_J.block10" taxon="J" totalcount="2" value="01100100001010000000011001101001000010000100000000"/>
    <sequence id="seq_K.block10" taxon="K" totalcount="2" value="01100100001010000000011000101101000010000100000000"/>
    <sequence id="seq_L.block10" taxon="L" totalcount="2" value="00000100001010000000010000110001000000000000100000"/>
    <sequence id="seq_M.block10" taxon="M" totalcount="2" value="00000101000110000000110010100001000010000100000110"/>
    <sequence id="seq_N.block10" taxon="N" totalcount="2" value="00000101000110000100110000101011000010000000000010"/>
    <sequence id="seq_O.block10" taxon="O" totalcount="2" value="00000101000110000100010000100001000010000100001110"/>
    <sequence id="seq_P.block10" taxon="P" totalcount="2" value="00000101000110000100011000100001000010000100001110"/>
    <sequence id="seq_Q.block10" taxon="Q" totalcount="2" value="00100101000110000000010000100001001010000100000110"/>
    <sequence id="seq_R.block10" taxon="R" totalcount="2" value="00000101001110000000011000100001100010001100110110"/>
    <sequence id="seq_S.block10" taxon="S" totalcount="2" value="00001101001010000000011000100001010010000100101110"/>
    <sequence id="seq_T.block10" taxon="T" totalcount="2" value="00001101001010000000011000100001010010000100101110"/>
</data>
<data id="data.block11" dataType="binary">
    <sequence id="seq_A.block11" taxon="A" totalcount="2" value="10000000001001111010011101000001001000000001000001"/>
    <sequence id="seq_B.block11" taxon="B" totalcount="2" value="10100000001000011010001001110001001000011000000101"/>
    <sequence id="seq_C.block11" taxon="C" totalcount="2" value="00000011000000000010010010000100000100100000000100"/>
    <sequence id="seq_D.block11" taxon="D" totalcount="2" value="00110000101100001000010000100000010000010010000000"/>
    <sequence id="seq_E.block11" taxon="E" totalcount="2" value="10100100000100000000000000100000110000000000000000"/>
    <sequence id="seq_F.block11" taxon="F" totalcount="2" value="00100010111101011100100001010100000000001000100001"/>
    <sequence id="seq_G.block11" taxon="G" totalcount="2" value="00101010000001001000001101010100111001000001100010"/>
    <sequence id="seq_H.block11" taxon="H" totalcount="2" value="00100010001100110000000001000000101001100000000100"/>
    <sequence id="seq_I.block11" taxon="I" totalcount="2" value="00010010001101110000000001000000101001101000000000"/>
    <sequence id="seq_J.block11" taxon="J" totalcount="2" value="00100010000101110000000001000110111001101000000000"/>
    <sequence id="seq_K.block11" taxon="K" totalcount="2" value="00100010000101110000000001000100101001101000000000"/>
    <sequence id="seq_L.block11" taxon="L" totalcount="2" value="01100010001101110000000001000001001001100000001000"/>
    <sequence id="seq_M.block11" taxon="M" totalcount="2" value="00100011001101010100000001001010101011100000100000"/>
    <sequence id="seq_N.block11" taxon="N" totalcount="2" value="00101010001101110110101001001000101011100100000001"/>
    <sequence id="seq_O.block11" taxon="O" totalcount="2" value="01100010001001010110000001001000110011100001100000"/>
    <sequence id="seq_P.block11" taxon="P" totalcount="2" value="01100010001001010110000101001000101011100001100000"/>
    <sequence id="seq_Q.block11" taxon="Q" totalcount="2" value="01110010000001010110000001001000100011100000100000"/>
    <sequence id="seq_R.block11" taxon="R" totalcount="2" value="00110010001101111010000001001000101001100010100000"/>
    <sequence id="seq_S.block11" taxon="S" totalcount="2" value="00110010001101110110011001011000100001100000100000"/>
    <sequence id="seq_T.block11" taxon="T" totalcount="2" value="00110010001101110110011001011000100001100000100000"/>
</data>
<data id="data.block12" dataType="binary">
    <sequence id="seq_A.block12" taxon="A" totalcount="2" value="00001000000100011000011001000001110000000000101000"/>
    <sequence id="seq_B.block12" taxon="B" totalcount="2" value="01100000000000000010001000000101000010000000000010"/>
    <sequence id="seq_C.block12" taxon="C" totalcount="2" value="00100100000001000100000001110100001011001001011000"/>
    <sequence id="seq_D.block12" taxon="D" totalcount="2" value="00001000000001011000010001010000001010011000010000"/>
    <sequence id="seq_E.block12" taxon="E" totalcount="2" value="00000000000001011000001001011010101010000000010000"/>
    <sequence id="seq_F.block12" taxon="F" totalcount="2" value="11101000110111110110000010000001010000000110000000"/>
    <sequence id="seq_G.block12" taxon="G" totalcount="2" value="00101010111010100110000010000001100001000010010000"/>
    <sequence id="seq_H.block12" taxon="H" totalcount="2" value="00101000110010100100001111100001010000000010000000"/>
    <sequence id="seq_I.block12" taxon="I" totalcount="2" value="01101010110011100100000110000001011011000010000000"/>
    <sequence id="seq_J.block12" taxon="J" totalcount="2" value="01001011110011100100000110000001110010000010000000"/>
    <sequence id="seq_K.block12" taxon="K" totalcount="2" value="01101011110011100100001110000001110011000011100000"/>
    <sequence id="seq_L.block12" taxon="L" totalcount="2" value="01101000110010000100000111000001010000001010000001"/>
    <sequence id="seq_M.block12" taxon="M" totalcount="2" value="01101000110010100110011000100001010000000010100000"/>
    <sequence id="seq_N.block12" taxon="N" totalcount="2" value="01101000110010100101011000110001010000000010100000"/>
    <sequence id="seq_O.block12" taxon="O" totalcount="2" value="01101000111010110110011000010001010000000010101000"/>
    <sequence id="seq_P.block12" taxon="P" totalcount="2" value="01101000111010110110011100010001010000000000101000"/>
    <sequence id="seq_Q.block12" taxon="Q" totalcount="2" value="11101100110010100100011100010101010000000010100001"/>
    <sequence id="seq_R.block12" taxon="R" totalcount="2" value="01100100110110100100000010000000010000010010110100"/>
    <sequence id="seq_S.block12" taxon="S" totalcount="2" value="01101010110010100100000010000000001000000010100100"/>
    <sequence id="seq_T.block12" taxon="T" totalcount="2" value="01101010110010100100000010000000011000000010100100"/>
</data>
<data id="data.block13" dataType="binary">
    <sequence id="seq_A.block13" taxon="A" totalcount="2" value="01000100100000110010110100100000100110000100000000"/>
    <sequence id="seq_B.block13" taxon="B" totalcount="2" value="10000001101001000100000000011000001101110000001100"/>
    <sequence id="seq_C.block13" taxon="C" totalcount="2" value="00111000000001010100000100011000101100000100000110"/>
    <sequence id="seq_D.block13" taxon="D" totalcount="2" value="00000000000111000010100010010001011000000100100000"/>
    <sequence id="seq_E.block13" taxon="E" totalcount="2" value="10000100000111000010110010010000001000000100100100"/>
    <sequence id="seq_F.block13" taxon="F" totalcount="2" value="00000100000010000001100100001000100001000000101111"/>
    <sequence id="seq_G.block13" taxon="G" totalcount="2" value="00001100010000100011000000001001100101000000001000"/>
    <sequence id="seq_H.block13" taxon="H" totalcount="2" value="00000100101000010011100100100000100100000000000000"/>
    <sequence id="seq_I.block13" taxon="I" totalcount="2" value="00000100100001110001100110100000101000100101001100"/>
    <sequence id="seq_J.block13" taxon="J" totalcount="2" value="01000100100000110011111000100100101000100000010000"/>
    <sequence id="seq_K.block13" taxon="K" totalcount="2" value="01000100100000100001000100100100101000100000010000"/>
    <sequence id="seq_L.block13" taxon="L" totalcount="2" value="00000100110000110101100100100000100000100101001001"/>
    <sequence id="seq_M.block13" taxon="M" totalcount="2" value="00010100100000100001100100100100100000111100000100"/>
    <sequence id="seq_N.block13" taxon="N" totalcount="2" value="00010100110000000001100101100100100000111000000100"/>
    <sequence id="seq_O.block13" taxon="O" totalcount="2" value="00010100100000100001100100100100100000111010000100"/>
    <sequence id="seq_P.block13" taxon="P" totalcount="2" value="00010100000000100001100100100100100000111010000100"/>
    <sequence id="seq_Q.block13" taxon="Q" totalcount="2" value="00000100110000100001100100100100100000111000000100"/>
    <sequence id="seq_R.block13" taxon="R" totalcount="2" value="00010100100010100001110110100101100000111011000000"/>
    <sequence id="seq_S.block13" taxon="S" totalcount="2" value="01010100100010000001100100100100100100111010000001"/>
    <sequence id="seq_T.block13" taxon="T" totalcount="2" value="01011100100010000001100100100100100100111110001001"/>
</data>
<data id="data.block14" dataType="binary">
    <sequence id="seq_A.block14" taxon="A" totalcount="2" value="00110000010000111110101000101111110000100000001101"/>
    <sequence id="seq_B.block14" taxon="B" totalcount="2" value="00000010010000100000001000010101000010010100000011"/>
    <sequence id="seq_C.block14" taxon="C" totalcount="2" value="10001100010010001000001000001010100000000000001001"/>
    <sequence id="seq_D.block14" taxon="D" totalcount="2" value="00000000010010001000000000000101100000010111000000"/>
    <sequence id="seq_E.block14" taxon="E" totalcount="2" value="00000100010000011001010000100101110000110010000001"/>
    <sequence id="seq_F.block14" taxon="F" totalcount="2" value="00010110010000110110001000101101101000100001001000"/>
    <sequence id="seq_G.block14" taxon="G" totalcount="2" value="00110000011000110100011000011100110000110000001011"/>
    <sequence id="seq_H.block14" taxon="H" totalcount="2" value="01110000010010111100111000101100110000000000001101"/>
    <sequence id="seq_I.block14" taxon="I" totalcount="2" value="10110000010100110100101000001100110000110000001101"/>
    <sequence id="seq_J.block14" taxon="J" totalcount="2" value="01110001010100110100101000101110110000100000001101"/>
    <sequence id="seq_K.block14" taxon="K" totalcount="2" value="01110000010110110100101000101110110000100001001101"/>
    <sequence id="seq_L.block14" taxon="L" totalcount="2" value="00110100011100110100100000101101110000100000001101"/>
    <sequence id="seq_M.block14" taxon="M" totalcount="2" value="00110000011100100100101000111100111000100000001101"/>
    <sequence id="seq_N.block14" taxon="N" totalcount="2" value="00110000011000100100101000111100111100100000001100"/>
    <sequence id="seq_O.block14" taxon="O" totalcount="2" value="00111000011000100100101000110100101000110100001101"/>
    <sequence id="seq_P.block14" taxon="P" totalcount="2" value="00111000011000100100101000110100101000100100001100"/>
    <sequence id="seq_Q.block14" taxon="Q" totalcount="2" value="00110000111000100000101000111100110000110100001101"/>
    <sequence id="seq_R.block14" taxon="R" totalcount="2" value="10110000010000010100101000111100111010100100000111"/>
    <sequence id="seq_S.block14" taxon="S" totalcount="2" value="00110000011000010100101100111000011010100000001101"/>
    <sequence id="seq_T.block14" taxon="T" totalcount="2" value="00110000011000011100101100111000011010100000001101"/>
</data>
<data id="data.block15" dataType="binary">
    <sequence id="seq_A.block15" taxon="A" totalcount="2" value="00100000110110100000100000001000010100000010100000"/>
    <sequence id="seq_B.block15" taxon="B" totalcount="2" value="10000001000110001000100000000000111100000101010000"/>
    <sequence id="seq_C.block15" taxon="C" totalcount="2" value="00000000010110000110110110100000000001000100000100"/>
    <sequence id="seq_D.block15" taxon="D" totalcount="2" value="01000000000110100000100011100110010010001110110010"/>
    <sequence id="seq_E.block15" taxon="E" totalcount="2" value="01000100000101100000100011100000010110011111110011"/>
    <sequence id="seq_F.block15" taxon="F" totalcount="2" value="00001110100000010010110000110000100100000011101111"/>
    <sequence id="seq_G.block15" taxon="G" totalcount="2" value="00010100100001000010010010110100100110000000100100"/>
    <sequence id="seq_H.block15" taxon="H" totalcount="2" value="00000100100011010000010000110000100100000111101000"/>
    <sequence id="seq_I.block15" taxon="I" totalcount="2" value="00000000100010011010010001110001100001000111100000"/>
    <sequence id="seq_J.block15" taxon="J" totalcount="2" value="00000100100000010010010001111001100011000011100000"/>
    <sequence id="seq_K.block15" taxon="K" totalcount="2" value="00000100100000010010010001111001100001000011100000"/>
    <sequence id="seq_L.block15" taxon="L" totalcount="2" value="00000101101100011010010100110100000000000001100000"/>
    <sequence id="seq_M.block15" taxon="M" totalcount="2" value="00000100100000010110011000110000100000000110100100"/>
    <sequence id="seq_N.block15" taxon="N" totalcount="2" value="00100110100000010110010000101000100101001011101000"/>
    <sequence id="seq_O.block15" taxon="O" totalcount="2" value="00000100100100100110010000111000100100000011000000"/>
    <sequence id="seq_P.block15" taxon="P" totalcount="2" value="00000100100100100110010000111000100100000011001000"/>
    <sequence id="seq_Q.block15" taxon="Q" totalcount="2" value="00010100100000110110000000111000100100000011100000"/>
    <sequence id="seq_R.block15" taxon="R" totalcount="2" value="00100000110000010010110000011000100100000001100111"/>
    <sequence id="seq_S.block15" taxon="S" totalcount="2" value="00100100100000010010010000011011000100000001110001"/>
    <sequence id="seq_T.block15" taxon="T" totalcount="2" value="00100100100000010010110000011001000100000001110001"/>
</data>
<data id="data.block16" dataType="binary">
    <sequence id="seq_A.block16" taxon="A" totalcount="2" value="11000000100101001111000001001101100110000000000001"/>
    <sequence id="seq_B.block16" taxon="B" totalcount="2" value="00000010000100100011000000001011000100110010001000"/>
    <sequence id="seq_C.block16" taxon="C" totalcount="2" value="00101000000100100000000010001000100000000110011000"/>
    <sequence id="seq_D.block16" taxon="D" totalcount="2" value="00100010001100101000100101101000100101000010110100"/>
    <sequence id="seq_E.block16" taxon="E" totalcount="2" value="00100000000110111000000000001001101000010010010000"/>
    <sequence id="seq_F.block16" taxon="F" totalcount="2" value="00000010100100000011000000000001111110000100000100"/>
    <sequence id="seq_G.block16" taxon="G" totalcount="2" value="01000110000000001101111001100100000100110000100100"/>
    <sequence id="seq_H.block16" taxon="H" totalcount="2" value="00000100000001001101010000000000000100000001011100"/>
    <sequence id="seq_I.block16" taxon="I" totalcount="2" value="00000100000001001100010000000000100100000000011100"/>
    <sequence id="seq_J.block16" taxon="J" totalcount="2" value="00000100000001001101010000000000000100000101011100"/>
    <sequence id="seq_K.block16" taxon="K" totalcount="2" value="00000100000001001101010000000000000100000001011100"/>
    <sequence id="seq_L.block16" taxon="L" totalcount="2" value="00010100000011010101010000100100100100000001011100"/>
    <sequence id="seq_M.block16" taxon="M" totalcount="2" value="11000011000100001010000001001111100100110000000001"/>
    <sequence id="seq_N.block16" taxon="N" totalcount="2" value="11000001000100001111000001001111100100110000000000"/>
    <sequence id="seq_O.block16" taxon="O" totalcount="2" value="00000010000100000111000000000011110110000100000101"/>
    <sequence id="seq_P.block16" taxon="P" totalcount="2" value="00000010000100000111000000000011110110100100000100"/>
    <sequence id="seq_Q.block16" taxon="Q" totalcount="2" value="11000001000100001010010001001101100100110000000000"/>
    <sequence id="seq_R.block16" taxon="R" totalcount="2" value="10100100100001100101010000000001000100000000011100"/>
    <sequence id="seq_S.block16" taxon="S" totalcount="2" value="00000110000011100100010000000000010110100001101100"/>
    <sequence id="seq_T.block16" taxon="T" totalcount="2" value="00000110000011100100010000000000010110100001101100"/>
</data>
<data id="data.block17" dataType="binary">
    <sequence id="seq_A.block17" taxon="A" totalcount="2" value="11100100000011000000010000010111110000000000010010"/>
    <sequence id="seq_B.block17" taxon="B" totalcount="2" value="10101000000001010010100110000111001010000000011000"/>
    <sequence id="seq_C.block17" taxon="C" totalcount="2" value="01100000000000101001001101000000011011000000001000"/>
    <sequence id="seq_D.block17" taxon="D" totalcount="2" value="01100100000001001011000001000110101010101100010110"/>
    <sequence id="seq_E.block17" taxon="E" totalcount="2" value="01100000000001011011000001100010101010101000000110"/>
    <sequence id="seq_F.block17" taxon="F" totalcount="2" value="00011101111010101001000010011001000000010101010101"/>
    <sequence id="seq_G.block17" taxon="G" totalcount="2" value="00011101001011101000000001010001000001110111010101"/>
    <sequence id="seq_H.block17" taxon="H" totalcount="2" value="10010001000000101001000000000000010000110100000101"/>
    <sequence id="seq_I.block17" taxon="I" totalcount="2" value="10010101000000101000100000000000000000000100000101"/>
    <sequence id="seq_J.block17" taxon="J" totalcount="2" value="10010101000000101000100000000100000000000100000001"/>
    <sequence id="seq_K.block17" taxon="K" totalcount="2" value="10011110000000101000100000100000000000000100000101"/>
    <sequence id="seq_L.block17" taxon="L" totalcount="2" value="10010100000001111000010000000000000000001100000101"/>
    <sequence id="seq_M.block17" taxon="M" totalcount="2" value="10100000000001010000010100010111110000000000010010"/>
    <sequence id="seq_N.block17" taxon="N" totalcount="2" value="10100000000101000000011101010111110001000000010010"/>
    <sequence id="seq_O.block17" taxon="O" totalcount="2" value="10101000000001001000000100000110110000100000010010"/>
    <sequence id="seq_P.block17" taxon="P" totalcount="2" value="10101000000001001000000100000110110000100000010010"/>
    <sequence id="seq_Q.block17" taxon="Q" totalcount="2" value="10100000000001000000010100010010110000000000010011"/>
    <sequence id="seq_R.block17" taxon="R" totalcount="2" value="10110111000100001000000000100000010000000100000101"/>
    <sequence id="seq_S.block17" taxon="S" totalcount="2" value="10110100000000101000101000000000000000000100000101"/>
    <sequence id="seq_T.block17" taxon="T" totalcount="2" value="10110100000000101000101100000000000000000100000101"/>
</data>
<data id="data.block18" dataType="binary">
    <sequence id="seq_A.block18" taxon="A" totalcount="2" value="10001001110100100000000100010100001001000110111001"/>
    <sequence id="seq_B.block18" taxon="B" totalcount="2" value="00001100010000000000010000000010001000010010110001"/>
    <sequence id="seq_C.block18" taxon="C" totalcount="2" value="01100001001001101010000011000000011000000010101010"/>
    <sequence id="seq_D.block18" taxon="D" totalcount="2" value="01100000001000001000000010001000000001000010000010"/>
    <sequence id="seq_E.block18" taxon="E" totalcount="2" value="01100000001000101000011010001000001001010010010000"/>
    <sequence id="seq_F.block18" taxon="F" totalcount="2" value="00000111100100100101000100010100100000110010110001"/>
    <sequence id="seq_G.block18" taxon="G" totalcount="2" value="00001101100000100001000000010100100101010000111011"/>
    <sequence id="seq_H.block18" taxon="H" totalcount="2" value="00001001100100100000001100011100001011000111111001"/>
    <sequence id="seq_I.block18" taxon="I" totalcount="2" value="01000000110000101100000100010100011101000110110001"/>
    <sequence id="seq_J.block18" taxon="J" totalcount="2" value="01001000110000110100000000010100010101000110110001"/>
    <sequence id="seq_K.block18" taxon="K" totalcount="2" value="01001000110000110110000000010100010101000110110000"/>
    <sequence id="seq_L.block18" taxon="L" totalcount="2" value="00001011110000100000010101000100000001000100110001"/>
    <sequence id="seq_M.block18" taxon="M" totalcount="2" value="01001000110000100000000110000000100001000110110001"/>
    <sequence id="seq_N.block18" taxon="N" totalcount="2" value="00001001110000111001000110000000100001000111110001"/>
    <sequence id="seq_O.block18" taxon="O" totalcount="2" value="00000100100000100101000100010100100001110010110011"/>
    <sequence id="seq_P.block18" taxon="P" totalcount="2" value="00000100100000100101000100000100100001110010111001"/>
    <sequence id="seq_Q.block18" taxon="Q" totalcount="2" value="00001001110000110000000110000000100001010100110001"/>
    <sequence id="seq_R.block18" taxon="R" totalcount="2" value="00001000110000100000000100010000100001000110010000"/>
    <sequence id="seq_S.block18" taxon="S" totalcount="2" value="00001001110000110000000100010000110001000110110011"/>
    <sequence id="seq_T.block18" taxon="T" totalcount="2" value="00001001110000110000000100010000110001000110110011"/>
</data>
<data id="data.block19" dataType="binary">
    <sequence id="seq_A.block19" taxon="A" totalcount="2" value="10010000110100100001001000010110000000000000000100"/>
    <sequence id="seq_B.block19" taxon="B" totalcount="2" value="00000000001100000010100000100010001100001011101001"/>
    <sequence id="seq_C.block19" taxon="C" totalcount="2" value="01000100000000001110000010010000010001011000011101"/>
    <sequence id="seq_D.block19" taxon="D" totalcount="2" value="10000100000000000101000000010000110010000100010011"/>
    <sequence id="seq_E.block19" taxon="E" totalcount="2" value="00000100100010001111000000010000000010000000011001"/>
    <sequence id="seq_F.block19" taxon="F" totalcount="2" value="10100100110000000000100010100100000000010000010000"/>
    <sequence id="seq_G.block19" taxon="G" totalcount="2" value="10000000110010001000010001010100011100000000010001"/>
    <sequence id="seq_H.block19" taxon="H" totalcount="2" value="10010000110000100000001000010100000100000000010100"/>
    <sequence id="seq_I.block19" taxon="I" totalcount="2" value="10000000110000101000001000010100000000000000010000"/>
    <sequence id="seq_J.block19" taxon="J" totalcount="2" value="10010000110000101000001000010100000010000000010000"/>
    <sequence id="seq_K.block19" taxon="K" totalcount="2" value="10010000110000101000001000010110000010000000010000"/>
    <sequence id="seq_L.block19" taxon="L" totalcount="2" value="10010000110000100010001100010100000000000000010000"/>
    <sequence id="seq_M.block19" taxon="M" totalcount="2" value="10010010111000110000001000110100000000000000010000"/>
    <sequence id="seq_N.block19" taxon="N" totalcount="2" value="00010000110000110000001000110100001000000000000000"/>
    <sequence id="seq_O.block19" taxon="O" totalcount="2" value="00010000110000010001001000110100010010000000010000"/>
    <sequence id="seq_P.block19" taxon="P" totalcount="2" value="00010000110000011001001000110100010010000000010000"/>
    <sequence id="seq_Q.block19" taxon="Q" totalcount="2" value="00010001100010110000001000100100000000000000010000"/>
    <sequence id="seq_R.block19" taxon="R" totalcount="2" value="11010000110000110100001000010100000101000000010000"/>
    <sequence id="seq_S.block19" taxon="S" totalcount="2" value="10010000000000110000001000010100000001000000010000"/>
    <sequence id="seq_T.block19" taxon="T" totalcount="2" value="10010000000000110000001000010100000001000000010000"/>
</data>
<data id="data.block20" dataType="binary">
    <sequence id="seq_A.block20" taxon="A" totalcount="2" value="01000001000000000011010000110111010000000101000001"/>
    <sequence id="seq_B.block20" taxon="B" totalcount="2" value="11110001000000010011000010000100010001000000000000"/>
    <sequence id="seq_C.block20" taxon="C" totalcount="2" value="01010001100111000011001000100011010001001000000000"/>
    <sequence id="seq_D.block20" taxon="D" totalcount="2" value="01011010100000000011101100000000010001000100000110"/>
    <sequence id="seq_E.block20" taxon="E" totalcount="2" value="00011010100100001011001000000011010011000110000110"/>
    <sequence id="seq_F.block20" taxon="F" totalcount="2" value="00000100000001110001001001110000000000111000110001"/>
    <sequence id="seq_G.block20" taxon="G" totalcount="2" value="00010000001000101001100100100000000010101000000110"/>
    <sequence id="seq_H.block20" taxon="H" totalcount="2" value="00010010101011110011100001100000000000001000100000"/>
    <sequence id="seq_I.block20" taxon="I" totalcount="2" value="00000010101001110011101000100000000000001000100000"/>
    <sequence id="seq_J.block20" taxon="J" totalcount="2" value="00000010101011110011100000110000000000001000100000"/>
    <sequence id="seq_K.block20" taxon="K" totalcount="2" value="00000110101011110001100000100000000000000010100000"/>
    <sequence id="seq_L.block20" taxon="L" totalcount="2" value="00001010001011110111101000100000000100101000100001"/>
    <sequence id="seq_M.block20" taxon="M" totalcount="2" value="01000001000000000011010000010111010000000101010001"/>
    <sequence id="seq_N.block20" taxon="N" totalcount="2" value="01000001000000000011010000010111010000000101000001"/>
    <sequence id="seq_O.block20" taxon="O" totalcount="2" value="01000001100000000011010000010111000000000000010001"/>
    <sequence id="seq_P.block20" taxon="P" totalcount="2" value="01000001100000000011010000010111000000000000000001"/>
    <sequence id="seq_Q.block20" taxon="Q" totalcount="2" value="01000001100001000011010000010111000100000101000001"/>
    <sequence id="seq_R.block20" taxon="R" totalcount="2" value="00000010101111100011000000101000000000101000001010"/>
    <sequence id="seq_S.block20" taxon="S" totalcount="2" value="00000010101111110011100100100000100000111001000000"/>
    <sequence id="seq_T.block20" taxon="T" totalcount="2" value="00000010101111110011100100100000100000111001000000"/>
</data>
<data id="data.block21" dataType="binary">
    <sequence id="seq_A.block21" taxon="A" totalcount="2" value="00011010001000010000001011001000100010101100100100"/>
    <sequence id="seq_B.block21" taxon="B" totalcount="2" value="01000001001000110000100000000000000010001101010001"/>
    <sequence id="seq_C.block21" taxon="C" totalcount="2" value="00000001011110000100011100010110000000000001011001"/>
    <sequence id="seq_D.block21" taxon="D" totalcount="2" value="00100000111110101100000000010111000000000001110001"/>
    <sequence id="seq_E.block21" taxon="E" totalcount="2" value="00101000111010001101110000010011000000000001110001"/>
    <sequence id="seq_F.block21" taxon="F" totalcount="2" value="00010000001100100010101001101001100010111010000100"/>
    <sequence id="seq_G.block21" taxon="G" totalcount="2" value="10000001000000000000001011111000111010111000000101"/>
    <sequence id="seq_H.block21" taxon="H" totalcount="2" value="00001010001000000000001001001000100000101010100100"/>
    <sequence id="seq_I.block21" taxon="I" totalcount="2" value="10001000100000001100001001001000100010101000100100"/>
    <sequence id="seq_J.block21" taxon="J" totalcount="2" value="00011100101000000000001011001000100010101100100100"/>
    <sequence id="seq_K.block21" taxon="K" totalcount="2" value="01011100101000000000001011001000100010101100000100"/>
    <sequence id="seq_L.block21" taxon="L" totalcount="2" value="00001000100000000000101001001001110010001001100000"/>
    <sequence id="seq_M.block21" taxon="M" totalcount="2" value="01010011000010001000001001001000100110111001000000"/>
    <sequence id="seq_N.block21" taxon="N" totalcount="2" value="00010010000000001000001001001000100010111000000000"/>
    <sequence id="seq_O.block21" taxon="O" totalcount="2" value="01010010000000001001001001001100100010111000000100"/>
    <sequence id="seq_P.block21" taxon="P" totalcount="2" value="01010010000000001001001001001100100010111000000100"/>
    <sequence id="seq_Q.block21" taxon="Q" totalcount="2" value="01010010000000001101001001001000100010111010000000"/>
    <sequence id="seq_R.block21" taxon="R" totalcount="2" value="00000000000000001001101101001000100110111000000100"/>
    <sequence id="seq_S.block21" taxon="S" totalcount="2" value="01000000000010001001101001010000100010101000000100"/>
    <sequence id="seq_T.block21" taxon="T" totalcount="2" value="01000000000000001001101001010000100010101000000100"/>
</data>
<data id="data.block22" dataType="binary">
    <sequence id="seq_A.block22" taxon="A" totalcount="2" value="10001010100100010000100000001001100101000000001110"/>
    <sequence id="seq_B.block22" taxon="B" totalcount="2" value="10010010000010100010000011101111001000000000011000"/>
    <sequence id="seq_C.block22" taxon="C" totalcount="2" value="00000000010001001000000001010001010001000001010000"/>
    <sequence id="seq_D.block22" taxon="D" totalcount="2" value="11000000010010010010000001110000010100100100000000"/>
    <sequence id="seq_E.block22" taxon="E" totalcount="2" value="11000000100001110010000011000000010100110100000000"/>
    <sequence id="seq_F.block22" taxon="F" totalcount="2" value="00101001000100010010000000001001000101000000010100"/>
    <sequence id="seq_G.block22" taxon="G" totalcount="2" value="00100000001100100000100100001011000101010000000110"/>
    <sequence id="seq_H.block22" taxon="H" totalcount="2" value="00000000100100010000100000001001100101000010001100"/>
    <sequence id="seq_I.block22" taxon="I" totalcount="2" value="00000000101100010000101010001001111101000100001100"/>
    <sequence id="seq_J.block22" taxon="J" totalcount="2" value="00000000100100010001101000001001101110000100001100"/>
    <sequence id="seq_K.block22" taxon="K" totalcount="2" value="00000000100100010001101000001001101100000100001110"/>
    <sequence id="seq_L.block22" taxon="L" totalcount="2" value="00000000100100000010110000000011100101100000000110"/>
    <sequence id="seq_M.block22" taxon="M" totalcount="2" value="00000000100100010000101000001011100001000100101100"/>
    <sequence id="seq_N.block22" taxon="N" totalcount="2" value="00000000100100010000100000001001100101000100001110"/>
    <sequence id="seq_O.block22" taxon="O" totalcount="2" value="00000000100100010000100000001001101111000000101100"/>
    <sequence id="seq_P.block22" taxon="P" totalcount="2" value="00000000100100010000100010001001101111010000101100"/>
    <sequence id="seq_Q.block22" taxon="Q" totalcount="2" value="00000000100110010000101000001001101101010000101100"/>
    <sequence id="seq_R.block22" taxon="R" totalcount="2" value="00000000110100110001100000101001101101000000001110"/>
    <sequence id="seq_S.block22" taxon="S" totalcount="2" value="00000000110100110000100000001001100101000100000100"/>
    <sequence id="seq_T.block22" taxon="T" totalcount="2" value="00000000110100110000100000001001100101000000000100"/>
</data>
<data id="data.block23" dataType="binary">
    <sequence id="seq_A.block23" taxon="A" totalcount="2" value="00000100000100100100010100010101000000100101010000"/>
    <sequence id="seq_B.block23" taxon="B" totalcount="2" value="00100100100010100101100001101001001001110001000000"/>
    <sequence id="seq_C.block23" taxon="C" totalcount="2" value="00011000000000100000000000001000000000000000110100"/>
    <sequence id="seq_D.block23" taxon="D" totalcount="2" value="00101000000000100010011000001000000100000111101100"/>
    <sequence id="seq_E.block23" taxon="E" totalcount="2" value="01111100000100101010110000001001000101000100111100"/>
    <sequence id="seq_F.block23" taxon="F" totalcount="2" value="10000101000001000000001100000100100001000001010001"/>
    <sequence id="seq_G.block23" taxon="G" totalcount="2" value="00000000000001000010001000001110000011000111010000"/>
    <sequence id="seq_H.block23" taxon="H" totalcount="2" value="00100000100001000000001100000101110001000001000100"/>
    <sequence id="seq_I.block23" taxon="I" totalcount="2" value="01000110000001110000001100000100000001010001100110"/>
    <sequence id="seq_J.block23" taxon="J" totalcount="2" value="01000101000001000000001100000100000001110000100110"/>
    <sequence id="seq_K.block23" taxon="K" totalcount="2" value="01000101000001000000001100001100000001110001100110"/>
    <sequence id="seq_L.block23" taxon="L" totalcount="2" value="01000000000001000011001100010100101001010001010100"/>
    <sequence id="seq_M.block23" taxon="M" totalcount="2" value="00000000001001010000101101000100101001000001000100"/>
    <sequence id="seq_N.block23" taxon="N" totalcount="2" value="00000010000101010000001101000100110011001001000100"/>
    <sequence id="seq_O.block23" taxon="O" totalcount="2" value="00001101000001000000001100000100100011000001000001"/>
    <sequence id="seq_P.block23" taxon="P" totalcount="2" value="00000101000001000000001100000100100011000001000001"/>
    <sequence id="seq_Q.block23" taxon="Q" totalcount="2" value="00000001010101100000001100000100100001000001000100"/>
    <sequence id="seq_R.block23" taxon="R" totalcount="2" value="00001011000101000000000101100100100011000001010100"/>
    <sequence id="seq_S.block23" taxon="S" totalcount="2" value="00000001000101100000001101000100100001000001000100"/>
    <sequence id="seq_T.block23" taxon="T" totalcount="2" value="00000001000101100000001101000100100001000001000100"/>
</data>
<data id="data.block24" dataType="binary">
    <sequence id="seq_A.block24" taxon="A" totalcount="2" value="10100000010000010000100010001001010000110010001011"/>
    <sequence id="seq_B.block24" taxon="B" totalcount="2" value="11000000111010001001101111001100001011000000101100"/>
    <sequence id="seq_C.block24" taxon="C" totalcount="2" value="10101000100000000011110000000000001010010010101101"/>
    <sequence id="seq_D.block24" taxon="D" totalcount="2" value="00001000100010000000111001010101110101000010101000"/>
    <sequence id="seq_E.block24" taxon="E" totalcount="2" value="00101000000100000010100001010001111001010011101000"/>
    <sequence id="seq_F.block24" taxon="F" totalcount="2" value="00011001000000010001110110110011000000110010000000"/>
    <sequence id="seq_G.block24" taxon="G" totalcount="2" value="10000000000000110000010010001000101000110010000010"/>
    <sequence id="seq_H.block24" taxon="H" totalcount="2" value="10100000000100010000101010001000000000110010000001"/>
    <sequence id="seq_I.block24" taxon="I" totalcount="2" value="10100000000000010010100010011001000010110000000011"/>
    <sequence id="seq_J.block24" taxon="J" totalcount="2" value="10100000000000010110100010001001000100110000001011"/>
    <sequence id="seq_K.block24" taxon="K" totalcount="2" value="10100000000000010110100010001001000100110000001011"/>
    <sequence id="seq_L.block24" taxon="L" totalcount="2" value="10110000000000000010010010001001100000010010011011"/>
    <sequence id="seq_M.block24" taxon="M" totalcount="2" value="00110010000000010010100000001001000000110010001011"/>
    <sequence id="seq_N.block24" taxon="N" totalcount="2" value="10100000000101000010100000101001000000110110001010"/>
    <sequence id="seq_O.block24" taxon="O" totalcount="2" value="10111001000000010001110010100001000000110010010000"/>
    <sequence id="seq_P.block24" taxon="P" totalcount="2" value="10111001000000010001110010100001000000110010010000"/>
    <sequence id="seq_Q.block24" taxon="Q" totalcount="2" value="10100000001000010010100000001100000000110000101010"/>
    <sequence id="seq_R.block24" taxon="R" totalcount="2" value="10100000000000011000101010001101001000110111000011"/>
    <sequence id="seq_S.block24" taxon="S" totalcount="2" value="10101000000000010000011010001101001000110110000011"/>
    <sequence id="seq_T.block24" taxon="T" totalcount="2" value="10101000000000010000011010001101001000110110000011"/>
</data>
 

<!-- BLOCK SET declaration -->
<stateNode spec="BlockSet" id="allBlocks" network="@acg">
	<plate var="n" range="&blockrange;">
		<block spec="Block" id="block$(n)"/>
	</plate>
</stateNode>


<!-- CLOCK and SITE MODEL definition (for convenient use in the likelihood) -->
<branchRateModel id="clock" spec="beast.evolution.branchratemodel.StrictClockModel" clock.rate="@clockRate"/>

<siteModel id="siteModel" spec="SiteModel">
    <!--     <substModel id="jukesCantor" spec="JukesCantor"/> -->
    <substModel id="binaryCTMC" spec="GeneralSubstitutionModel">
        <parameter dimension="2" estimate="false" id="rates.binCTMC" name="rates">1.0 1.0</parameter>
        <!-- <frequencies data="@data:sim" id="empiricalFrequencies" spec="Frequencies"/> -->
        <frequencies id="estimatedFreqs.sim" spec="Frequencies" frequencies="0.5 0.5"/>
    </substModel>
</siteModel>



<!-- MCMC -->
<run id="mcmc" spec="MCMC" chainLength="250000">


    <!-- STATE -->
 	<state id="state" storeEvery="1000">
        <stateNode id="acg" spec="ConversionGraph">
	        <taxonset idref="taxa"/>
        </stateNode>
        <plate var="n" range="&blockrange;">
            <stateNode idref="block$(n)"/>
        </plate>
        <stateNode id="pMove" spec="RealParameter" estimate="false" value="0.2"/>
		<stateNode id="conversionRate" spec="RealParameter" estimate="false" value="0.1"/>
        <stateNode id="popSize" spec="RealParameter" estimate="true" value="0.3"/>
        <stateNode id="clockRate" spec="RealParameter" estimate="false" value="2.7"/>
        
        <plate var="n" range="&blockrange;">
            <stateNode idref="block$(n)"/>
        </plate>
 	</state>
 	
 	
 	<!-- INITIALIZER -->
 	<init id="acg.initial" spec="RandomACG" estimate="false" initial="@acg" taxa="@data.block0">
        <populationModel id="ConstantPopulation0.t" spec="ConstantPopulation" popSize="@popSize"/>
    </init>


   <distribution id="posterior" spec="util.CompoundDistribution">
   
        <!-- PRIOR -->
        <distribution id="prior" spec="util.CompoundDistribution">
            <distribution id="CoalescentConstant.t:treeSim" spec="Coalescent">
                <populationModel id="ConstantPopulation.t" spec="ConstantPopulation" popSize="@popSize"/>
                <treeIntervals id="TreeIntervals.t:treeSim" spec="TreeIntervals" tree="@acg"/>
            </distribution>
            <distribution id="ConversionPrior.t:treeSim" spec="contactrees.model.ConversionPrior" network="@acg" conversionRate="@conversionRate"/>
            <distribution id="ConvMovePrior.t:treeSim" spec="ConversionMovePrior" network="@acg" blockSet="@allBlocks" pMove="@pMove"/>
        </distribution>
        
        <!-- LIKELIHOOD -->
        <distribution id="likelihood" spec="util.CompoundDistribution">
            <!-- Tree likelihood for each block -->
		    <plate var="n" range="&blockrange;">
	            <distribution id="treeLikelihood.block$(n)" spec="TreeLikelihood" siteModel="@siteModel" data="@data.block$(n)">
	                <tree id="marginalTree.$(n)" spec="MarginalTree" network="@acg" block="@block$(n)" branchRateModel="@clock"/>
	            </distribution>
		    </plate>
        </distribution>
    </distribution>
	
	
    <!-- OPERATORS -->
 	<operator id="CFWilsonBalding.t" spec="CFWilsonBalding" acg="@acg" alpha="0.1" conversionRate="@conversionRate"
 			  pMove="@pMove" blockSet="@allBlocks" includeRoot="false" weight="10.0"/>
	<operator id="CFUniform.t" spec="CFUniform" acg="@acg" conversionRate="@conversionRate" 
			  pMove="@pMove" blockSet="@allBlocks" weight="10.0"/>
 	<operator id="CFNarrowExchange.t" spec="CFSubtreeExchange" acg="@acg" conversionRate="@conversionRate"
 		      pMove="@pMove" blockSet="@allBlocks" isNarrow="true" weight="10.0"/>      
 	<operator id="CFWideExchange.t" spec="CFSubtreeExchange" acg="@acg" conversionRate="@conversionRate" 
 			  pMove="@pMove" blockSet="@allBlocks" isNarrow="false" weight="10.0"/>
    
    <operator id="ACGscale.t" spec="ACGScaler" acg="@acg" scaleFactor="0.9" weight="10.0"/>
    <operator id="ACGscale.rootOnly.t" spec="ACGScaler" acg="@acg" scaleFactor="0.9" weight="10.0" rootOnly="true"/>

 	<operator id="AddRemoveConversion.t" spec="AddRemoveConversionGibbs" weight="30.0" acg="@acg" pMove="@pMove" 
 			  conversionRate="@conversionRate" blockSet="@allBlocks" state="@state">
        <plate var="n" range="&blockrange;">
            <treeLikelihood idref="treeLikelihood.block$(n)"/>
        </plate>   
    </operator>

    <!--         
    <operator id="AddRemoveConversion.t" spec="AddRemoveConversion" weight="30.0" acg="@acg" pMove="@pMove"
              conversionRate="@conversionRate" blockSet="@allBlocks"/> 
    -->     
    
    <operator id="ConvertedEdgeSlide.t" spec="ConvertedEdgeSlide" acg="@acg" weight="20.0"/>
    <!-- 
    <operator id="ConvertedEdgeFlip.t" spec="ConvertedEdgeFlip" acg="@acg" weight="20.0"/>
    
    <operator id="ConvertedEdgeHop.t" spec="ConvertedEdgeHop" acg="@acg" weight="20.0"/>
     -->
    
    <operator id="MovesGibbs" spec="GibbsSampleMovesPerConversion" weight="30.0" acg="@acg" pMove="@pMove" blockSet="@allBlocks">
        <plate var="n" range="&blockrange;">
	        <treeLikelihood idref="treeLikelihood.block$(n)"/>
        </plate>
    </operator>
    
    <!-- 
    <operator id="ResampleBorrowings.t" spec="ResampleBorrowings" weight="200.0" acg="@acg" 
              pMove="@pMove" blockSet="@allBlocks" />
    -->

    <!-- 
    <operator id="PopSizeScaler" spec="ScaleOperator" parameter="@popSize" scaleFactor="0.75" weight="3.0"/>
    -->
    <operator id="ConversionRateScaler" spec="ScaleOperator" parameter="@popSize" scaleFactor="0.75" weight="3.0"/>

    <!-- LOGGERS -->
    <logger id="screenlog" logEvery="1000">
        <log idref="posterior"/>
        <log idref="prior"/>
        <log spec="ACGStatsLogger" network="@acg" blockSet="@allBlocks"/>
    </logger>
    <logger logEvery="500" fileName="$(filebase).stats">
        <log idref="posterior"/>
        <log idref="prior"/>
        <log spec="ACGStatsLogger" network="@acg" blockSet="@allBlocks" logGeneFlow="true"/>
    </logger>
    <logger logEvery="500" fileName="$(filebase).trees" mode="tree">
    	<log spec="ACGWithMetaDataLogger" network="@acg" blockSet="@allBlocks"/>
    </logger>
</run>
  
</beast>
